N,F_est,AbsError
1000,0.078,0.0094104
10000,0.0667,0.0018896
100000,0.06903,0.0004404
1000000,0.068473,0.0001166
10000000,0.06864,5.04e-05
